WG-CSharp,17,11,8,36,2021-04-06 02:50:31.572942
csdemo,4,0,1,5,2021-04-06 02:50:32.005757
sonarqube,0,0,0,0,2021-04-06 02:50:34.549124
node-with-suggestions,7,0,0,7,2021-04-06 02:50:35.157915
nodeproject,13,0,0,13,2021-04-06 02:50:35.596670
java-demo,0,0,18,18,2021-04-06 02:50:36.290638
prospectest,0,0,0,0,2021-04-06 02:50:38.337877
pythest,0,0,0,0,2021-04-06 02:50:40.532300
cpp-demo,3,0,0,3,2021-04-06 02:50:40.996342
se-reporting,0,0,0,0,2021-04-06 02:50:43.407604
codacy_config_templates,0,0,0,0,2021-04-06 02:50:45.710105
aress,0,0,0,0,2021-04-06 02:50:48.067193
private_repo,6,0,0,6,2021-04-06 02:50:48.577343
wp-calypso,0,0,0,0,2021-04-06 02:50:50.727770
WG-CSharp,17,11,8,36,2021-04-08 02:51:28.353190
csdemo,4,0,1,5,2021-04-08 02:51:29.026183
sonarqube,0,0,0,0,2021-04-08 02:51:31.397169
node-with-suggestions,7,0,0,7,2021-04-08 02:51:31.865190
nodeproject,13,0,0,13,2021-04-08 02:51:32.402005
java-demo,0,0,18,18,2021-04-08 02:51:32.866470
prospectest,0,0,0,0,2021-04-08 02:51:34.949227
pythest,0,0,0,0,2021-04-08 02:51:37.217762
cpp-demo,3,0,0,3,2021-04-08 02:51:37.730028
se-reporting,0,0,0,0,2021-04-08 02:51:40.113569
codacy_config_templates,0,0,0,0,2021-04-08 02:51:42.647069
aress,0,0,0,0,2021-04-08 02:51:44.686304
private_repo,6,0,0,6,2021-04-08 02:51:45.164860
wp-calypso,0,0,0,0,2021-04-08 02:51:47.353753
